<?xml version="1.0" encoding="utf-8"?>
<TObject unit="System">
  <TCustomComboBox>
    <TBaseECComboBtn/>
    <TBaseECComboBtn>
      <TECColorCombo/>
    </TBaseECComboBtn>
    <TBaseECComboBtn>
      <TECComboBtn/>
    </TBaseECComboBtn>
  </TCustomComboBox>
  <TCustomEdit>
    <TBaseECEditBtn/>
    <TBaseECEditBtn>
      <TECColorBtn/>
    </TBaseECEditBtn>
    <TBaseECEditBtn>
      <TECEditBtn/>
    </TBaseECEditBtn>
    <TECSpinEdit/>
  </TCustomEdit>
  <TGraphicControl>
    <TCustomECSpeedBtn/>
    <TCustomECSpeedBtn>
      <TCustomECSpeedBtnPlus/>
    </TCustomECSpeedBtn>
    <TCustomECSpeedBtn>
      <TECSpeedBtn/>
    </TCustomECSpeedBtn>
    <TCustomECSpeedBtn>
      <TCustomECSpeedBtnPlus>
        <TECSpeedBtnColor/>
      </TCustomECSpeedBtnPlus>
    </TCustomECSpeedBtn>
    <TCustomECSpeedBtn>
      <TCustomECSpeedBtnPlus>
        <TECSpeedBtnPlus/>
      </TCustomECSpeedBtnPlus>
    </TCustomECSpeedBtn>
  </TGraphicControl>
  <TControlBorderSpacing>
    <TECComboBtnSpacing/>
    <TECEditBtnSpacing/>
    <TECSpinEditSpacing/>
  </TControlBorderSpacing>
  <TWinControlActionLink>
    <TECSpeedBtnActionLink/>
    <TECSwitchActionLink/>
  </TWinControlActionLink>
  <TCustomControl>
    <TECBaseControl>
      <TCustomECGroupCtrl/>
    </TECBaseControl>
    <TECBaseControl>
      <TCustomECGroupCtrl>
        <TCustomECCheckGroup/>
      </TCustomECGroupCtrl>
    </TECBaseControl>
    <TECBaseControl>
      <TCustomECGroupCtrl>
        <TCustomECRadioGroup/>
      </TCustomECGroupCtrl>
    </TECBaseControl>
    <TECBaseControl>
      <TCustomECGroupCtrl>
        <TCustomECCheckGroup>
          <TECCheckGroup/>
        </TCustomECCheckGroup>
      </TCustomECGroupCtrl>
    </TECBaseControl>
    <TECBaseControl>
      <TCustomECGroupCtrl>
        <TCustomECRadioGroup>
          <TECRadioGroup/>
        </TCustomECRadioGroup>
      </TCustomECGroupCtrl>
    </TECBaseControl>
    <TECBaseControl>
      <TBaseECSlider>
        <TCustomECProgressBar>
          <TCustomECPositionBar/>
        </TCustomECProgressBar>
      </TBaseECSlider>
    </TECBaseControl>
    <TECBaseControl>
      <TBaseECSlider>
        <TCustomECProgressBar/>
      </TBaseECSlider>
    </TECBaseControl>
    <TECBaseControl>
      <TBaseECSlider>
        <TCustomECProgressBar>
          <TCustomECPositionBar>
            <TECPositionBar/>
          </TCustomECPositionBar>
        </TCustomECProgressBar>
      </TBaseECSlider>
    </TECBaseControl>
    <TECBaseControl>
      <TBaseECSlider>
        <TCustomECProgressBar>
          <TECProgressBar/>
        </TCustomECProgressBar>
      </TBaseECSlider>
    </TECBaseControl>
    <TECBaseControl>
      <TCustomECRuler/>
    </TECBaseControl>
    <TECBaseControl>
      <TCustomECRuler>
        <TECRuler/>
      </TCustomECRuler>
    </TECBaseControl>
    <TECBaseControl>
      <TBaseECSlider/>
    </TECBaseControl>
    <TECBaseControl>
      <TBaseECSlider>
        <TCustomECSlider/>
      </TBaseECSlider>
    </TECBaseControl>
    <TECBaseControl>
      <TBaseECSlider>
        <TCustomECSlider>
          <TECSlider/>
        </TCustomECSlider>
      </TBaseECSlider>
    </TECBaseControl>
    <TCustomSpinBtns/>
    <TCustomSpinBtns>
      <TECSpinBtns/>
    </TCustomSpinBtns>
    <TCustomSpinBtns>
      <TECSpinBtnsPlus/>
    </TCustomSpinBtns>
    <TECBaseControl>
      <TCustomECSwitch/>
    </TECBaseControl>
    <TECBaseControl>
      <TCustomECSwitch>
        <TECSwitch/>
      </TCustomECSwitch>
    </TECBaseControl>
    <TBaseScrollControl/>
    <TECBaseControl/>
  </TCustomControl>
  <TCollectionItem>
    <TGroupCtrlItem/>
    <TImageMenuItem/>
  </TCollectionItem>
  <TCollection>
    <TGroupCtrlItems/>
    <TImageMenuItems/>
  </TCollection>
  <TCustomListBox>
    <TCustomECImageMenu/>
    <TCustomECImageMenu>
      <TECImageMenu/>
    </TCustomECImageMenu>
  </TCustomListBox>
  <TPersistent>
    <TCustomECScale>
      <TECRulerScale/>
    </TCustomECScale>
    <TCustomECScale/>
    <TCustomECScale>
      <TECScale/>
    </TCustomECScale>
    <TECDevice/>
    <TECCustomKnob>
      <TECSliderKnob/>
    </TECCustomKnob>
    <TSingleSpinBtn/>
    <TECCustomKnob>
      <TECSwitchKnob/>
    </TECCustomKnob>
    <TECCustomKnob/>
    <TFontOptions/>
  </TPersistent>
  <TCustomTimer>
    <TCustomECTimer/>
    <TCustomECTimer>
      <TECTimer/>
    </TCustomECTimer>
  </TCustomTimer>
  <TComponent>
    <TECSpinController/>
  </TComponent>
</TObject>
