<?xml version="1.0" encoding="UTF-8"?>
<office:document-content xmlns:office="urn:oasis:names:tc:opendocument:xmlns:office:1.0" xmlns:style="urn:oasis:names:tc:opendocument:xmlns:style:1.0" xmlns:text="urn:oasis:names:tc:opendocument:xmlns:text:1.0" xmlns:table="urn:oasis:names:tc:opendocument:xmlns:table:1.0" xmlns:draw="urn:oasis:names:tc:opendocument:xmlns:drawing:1.0" xmlns:fo="urn:oasis:names:tc:opendocument:xmlns:xsl-fo-compatible:1.0" xmlns:xlink="http://www.w3.org/1999/xlink" xmlns:dc="http://purl.org/dc/elements/1.1/" xmlns:meta="urn:oasis:names:tc:opendocument:xmlns:meta:1.0" xmlns:number="urn:oasis:names:tc:opendocument:xmlns:datastyle:1.0" xmlns:presentation="urn:oasis:names:tc:opendocument:xmlns:presentation:1.0" xmlns:svg="urn:oasis:names:tc:opendocument:xmlns:svg-compatible:1.0" xmlns:chart="urn:oasis:names:tc:opendocument:xmlns:chart:1.0" xmlns:dr3d="urn:oasis:names:tc:opendocument:xmlns:dr3d:1.0" xmlns:math="http://www.w3.org/1998/Math/MathML" xmlns:form="urn:oasis:names:tc:opendocument:xmlns:form:1.0" xmlns:script="urn:oasis:names:tc:opendocument:xmlns:script:1.0" xmlns:ooo="http://openoffice.org/2004/office" xmlns:ooow="http://openoffice.org/2004/writer" xmlns:oooc="http://openoffice.org/2004/calc" xmlns:dom="http://www.w3.org/2001/xml-events" xmlns:xforms="http://www.w3.org/2002/xforms" xmlns:xsd="http://www.w3.org/2001/XMLSchema" xmlns:xsi="http://www.w3.org/2001/XMLSchema-instance" xmlns:smil="urn:oasis:names:tc:opendocument:xmlns:smil-compatible:1.0" xmlns:anim="urn:oasis:names:tc:opendocument:xmlns:animation:1.0" xmlns:rpt="http://openoffice.org/2005/report" xmlns:of="urn:oasis:names:tc:opendocument:xmlns:of:1.2" xmlns:xhtml="http://www.w3.org/1999/xhtml" xmlns:grddl="http://www.w3.org/2003/g/data-view#" xmlns:officeooo="http://openoffice.org/2009/office" xmlns:tableooo="http://openoffice.org/2009/table" xmlns:drawooo="http://openoffice.org/2010/draw" xmlns:calcext="urn:org:documentfoundation:names:experimental:calc:xmlns:calcext:1.0" xmlns:field="urn:openoffice:names:experimental:ooo-ms-interop:xmlns:field:1.0" xmlns:formx="urn:openoffice:names:experimental:ooxml-odf-interop:xmlns:form:1.0" xmlns:css3t="http://www.w3.org/TR/css3-text/" office:version="1.2"><office:scripts/><office:automatic-styles><style:style style:name="dp1" style:family="drawing-page"/><style:style style:name="gr1" style:family="graphic" style:parent-style-name="standard"><style:graphic-properties draw:textarea-horizontal-align="justify" draw:textarea-vertical-align="middle" draw:auto-grow-height="false"/></style:style><style:style style:name="gr2" style:family="graphic" style:parent-style-name="objectwithoutfill"><style:graphic-properties draw:marker-end="Arrow" draw:marker-end-width="0.3cm" draw:fill="none" draw:textarea-vertical-align="middle"/></style:style><style:style style:name="gr3" style:family="graphic" style:parent-style-name="standard"><style:graphic-properties draw:stroke="none" svg:stroke-color="#000000" draw:fill="none" draw:fill-color="#ffffff" draw:textarea-horizontal-align="left" draw:auto-grow-height="true" draw:auto-grow-width="true" fo:min-height="0cm" fo:min-width="0cm"/></style:style><style:style style:name="gr4" style:family="graphic" style:parent-style-name="objectwithoutfill"><style:graphic-properties draw:fill="none" draw:textarea-vertical-align="middle"/></style:style><style:style style:name="gr5" style:family="graphic" style:parent-style-name="standard"><style:graphic-properties draw:textarea-horizontal-align="justify" draw:textarea-vertical-align="middle" draw:auto-grow-height="false"/></style:style><style:style style:name="P1" style:family="paragraph"><style:paragraph-properties fo:text-align="center"/></style:style><text:list-style style:name="L1"><text:list-level-style-bullet text:level="1" text:bullet-char="●"><style:list-level-properties text:min-label-width="0.6cm"/><style:text-properties fo:font-family="StarSymbol" style:use-window-font-color="true" fo:font-size="45%"/></text:list-level-style-bullet><text:list-level-style-bullet text:level="2" text:bullet-char="●"><style:list-level-properties text:space-before="0.6cm" text:min-label-width="0.6cm"/><style:text-properties fo:font-family="StarSymbol" style:use-window-font-color="true" fo:font-size="45%"/></text:list-level-style-bullet><text:list-level-style-bullet text:level="3" text:bullet-char="●"><style:list-level-properties text:space-before="1.2cm" text:min-label-width="0.6cm"/><style:text-properties fo:font-family="StarSymbol" style:use-window-font-color="true" fo:font-size="45%"/></text:list-level-style-bullet><text:list-level-style-bullet text:level="4" text:bullet-char="●"><style:list-level-properties text:space-before="1.8cm" text:min-label-width="0.6cm"/><style:text-properties fo:font-family="StarSymbol" style:use-window-font-color="true" fo:font-size="45%"/></text:list-level-style-bullet><text:list-level-style-bullet text:level="5" text:bullet-char="●"><style:list-level-properties text:space-before="2.4cm" text:min-label-width="0.6cm"/><style:text-properties fo:font-family="StarSymbol" style:use-window-font-color="true" fo:font-size="45%"/></text:list-level-style-bullet><text:list-level-style-bullet text:level="6" text:bullet-char="●"><style:list-level-properties text:space-before="3cm" text:min-label-width="0.6cm"/><style:text-properties fo:font-family="StarSymbol" style:use-window-font-color="true" fo:font-size="45%"/></text:list-level-style-bullet><text:list-level-style-bullet text:level="7" text:bullet-char="●"><style:list-level-properties text:space-before="3.6cm" text:min-label-width="0.6cm"/><style:text-properties fo:font-family="StarSymbol" style:use-window-font-color="true" fo:font-size="45%"/></text:list-level-style-bullet><text:list-level-style-bullet text:level="8" text:bullet-char="●"><style:list-level-properties text:space-before="4.2cm" text:min-label-width="0.6cm"/><style:text-properties fo:font-family="StarSymbol" style:use-window-font-color="true" fo:font-size="45%"/></text:list-level-style-bullet><text:list-level-style-bullet text:level="9" text:bullet-char="●"><style:list-level-properties text:space-before="4.8cm" text:min-label-width="0.6cm"/><style:text-properties fo:font-family="StarSymbol" style:use-window-font-color="true" fo:font-size="45%"/></text:list-level-style-bullet><text:list-level-style-bullet text:level="10" text:bullet-char="●"><style:list-level-properties text:space-before="5.4cm" text:min-label-width="0.6cm"/><style:text-properties fo:font-family="StarSymbol" style:use-window-font-color="true" fo:font-size="45%"/></text:list-level-style-bullet></text:list-style></office:automatic-styles>
<office:body>
<office:drawing>
<draw:page draw:name="page1" draw:style-name="dp1" draw:master-page-name="Default">
  <draw:custom-shape draw:style-name="gr1" draw:text-style-name="P1" draw:layer="layout" svg:width="5.2cm" svg:height="1.3cm" svg:x="2.6cm" svg:y="3cm">
    <text:p text:style-name="P1">Rectangle</text:p>
    <draw:enhanced-geometry svg:viewBox="0 0 21600 21600" draw:type="rectangle" draw:enhanced-path="M 0 0 L 21600 0 21600 21600 0 21600 0 0 Z N"/>
  </draw:custom-shape>
  <draw:custom-shape draw:style-name="gr1" draw:text-style-name="P1" draw:layer="layout" svg:width="7cm" svg:height="1.1cm" svg:x="2cm" svg:y="6.3cm">
    <text:p text:style-name="P1">Elipse éçâôöàâ</text:p>
    <draw:enhanced-geometry svg:viewBox="0 0 21600 21600" draw:glue-points="10800 0 3163 3163 0 10800 3163 18437 10800 21600 18437 18437 21600 10800 18437 3163" draw:text-areas="3163 3163 18437 18437" draw:type="ellipse" draw:enhanced-path="U 10800 10800 10800 10800 0 360 Z N"/>
  </draw:custom-shape>
  <draw:line draw:style-name="gr2" draw:text-style-name="P1" draw:layer="layout" svg:x1="2.5cm" svg:y1="9.2cm" svg:x2="7.2cm" svg:y2="9.2cm">
    <text:p/>
  </draw:line>
  <draw:frame draw:style-name="gr3" draw:layer="layout" svg:width="4.803cm" svg:height="2.384cm" svg:x="2.4cm" svg:y="11cm">
    <draw:text-box>
      <text:p>Some text here</text:p><text:p>Second line</text:p><text:p>Third line</text:p>
    </draw:text-box>
  </draw:frame>
  <draw:polyline draw:style-name="gr4" draw:text-style-name="P1" draw:layer="layout" svg:width="6.155cm" svg:height="1.551cm" draw:transform="rotate (0.27087509990952) translate (1.83259911324212cm 15.157289279075cm)" svg:viewBox="0 0 6156 1552" draw:points="0,252 2441,1552 4325,0 6156,508"><text:p/>
  </draw:polyline>
  <draw:custom-shape draw:style-name="gr5" draw:text-style-name="P1" draw:layer="layout" svg:width="2.6cm" svg:height="2.9cm" svg:x="12.2cm" svg:y="2.9cm"><text:p/>
    <draw:enhanced-geometry svg:viewBox="0 0 21600 21600" draw:glue-points="10800 0 0 10800 10800 21600 21600 10800" draw:text-areas="5400 5400 16200 16200" draw:type="diamond" draw:enhanced-path="M 10800 0 L 21600 10800 10800 21600 0 10800 10800 0 Z N"/>
  </draw:custom-shape>
  <draw:custom-shape draw:style-name="gr5" draw:text-style-name="P1" draw:layer="layout" svg:width="3.6cm" svg:height="2.5cm" svg:x="11.7cm" svg:y="8cm">
    <text:p/>
    <draw:enhanced-geometry svg:viewBox="0 0 21600 21600" draw:glue-points="10800 0 0 10800 10800 21600 21600 10800" draw:text-areas="?f3 ?f3 ?f4 ?f4" draw:type="hexagon" draw:modifiers="5400" draw:enhanced-path="M ?f0 0 L ?f1 0 21600 10800 ?f1 21600 ?f0 21600 0 10800 Z N">
    <draw:equation draw:name="f0" draw:formula="$0 "/>
    <draw:equation draw:name="f1" draw:formula="21600-$0 "/>
    <draw:equation draw:name="f2" draw:formula="$0 *100/234"/>
    <draw:equation draw:name="f3" draw:formula="?f2 +1700"/>
    <draw:equation draw:name="f4" draw:formula="21600-?f3 "/>
    <draw:handle draw:handle-position="$0 top" draw:handle-range-x-minimum="0" draw:handle-range-x-maximum="10800"/>
    </draw:enhanced-geometry>
  </draw:custom-shape>
  <draw:path draw:style-name="gr4" draw:text-style-name="P1" draw:layer="layout" svg:width="6.7cm" svg:height="1.951cm" draw:transform="rotate (-0.0150098315671512) translate (2.30849501237036cm 18.3340792991993cm)" svg:viewBox="0 0 6701 1952" svg:d="m0 566 3113 853 1279-1419c2158 3868 1646 842 2309 565">
    <text:p/>
  </draw:path>
</draw:page>
</office:drawing>
</office:body>
</office:document-content>
