<?xml version="1.0" encoding="UTF-8"?>
<office:document-meta xmlns:office="urn:oasis:names:tc:opendocument:xmlns:office:1.0" xmlns:xlink="http://www.w3.org/1999/xlink" xmlns:dc="http://purl.org/dc/elements/1.1/" xmlns:meta="urn:oasis:names:tc:opendocument:xmlns:meta:1.0" xmlns:presentation="urn:oasis:names:tc:opendocument:xmlns:presentation:1.0" xmlns:ooo="http://openoffice.org/2004/office" xmlns:smil="urn:oasis:names:tc:opendocument:xmlns:smil-compatible:1.0" xmlns:anim="urn:oasis:names:tc:opendocument:xmlns:animation:1.0" xmlns:grddl="http://www.w3.org/2003/g/data-view#" xmlns:officeooo="http://openoffice.org/2009/office" xmlns:drawooo="http://openoffice.org/2010/draw" office:version="1.2"><office:meta><meta:creation-date>2013-01-17T14:41:07</meta:creation-date><dc:date>2013-01-17T14:45:17</dc:date><meta:editing-duration>P0D</meta:editing-duration><meta:editing-cycles>1</meta:editing-cycles><meta:document-statistic meta:object-count="8"/><meta:generator>LibreOffice/3.6$Linux_x86 LibreOffice_project/360m1$Build-2</meta:generator></office:meta></office:document-meta>