<?xml version="1.0" encoding="UTF-8"?>
<office:document-styles xmlns:office="urn:oasis:names:tc:opendocument:xmlns:office:1.0" xmlns:style="urn:oasis:names:tc:opendocument:xmlns:style:1.0" xmlns:text="urn:oasis:names:tc:opendocument:xmlns:text:1.0" xmlns:table="urn:oasis:names:tc:opendocument:xmlns:table:1.0" xmlns:draw="urn:oasis:names:tc:opendocument:xmlns:drawing:1.0" xmlns:fo="urn:oasis:names:tc:opendocument:xmlns:xsl-fo-compatible:1.0" xmlns:xlink="http://www.w3.org/1999/xlink" xmlns:dc="http://purl.org/dc/elements/1.1/" xmlns:meta="urn:oasis:names:tc:opendocument:xmlns:meta:1.0" xmlns:number="urn:oasis:names:tc:opendocument:xmlns:datastyle:1.0" xmlns:svg="urn:oasis:names:tc:opendocument:xmlns:svg-compatible:1.0" xmlns:chart="urn:oasis:names:tc:opendocument:xmlns:chart:1.0" xmlns:dr3d="urn:oasis:names:tc:opendocument:xmlns:dr3d:1.0" xmlns:math="http://www.w3.org/1998/Math/MathML" xmlns:form="urn:oasis:names:tc:opendocument:xmlns:form:1.0" xmlns:script="urn:oasis:names:tc:opendocument:xmlns:script:1.0" xmlns:ooo="http://openoffice.org/2004/office" xmlns:ooow="http://openoffice.org/2004/writer" xmlns:oooc="http://openoffice.org/2004/calc" xmlns:dom="http://www.w3.org/2001/xml-events" xmlns:rpt="http://openoffice.org/2005/report" xmlns:of="urn:oasis:names:tc:opendocument:xmlns:of:1.2" xmlns:xhtml="http://www.w3.org/1999/xhtml" xmlns:grddl="http://www.w3.org/2003/g/data-view#" xmlns:officeooo="http://openoffice.org/2009/office" xmlns:tableooo="http://openoffice.org/2009/table" xmlns:calcext="urn:org:documentfoundation:names:experimental:calc:xmlns:calcext:1.0" xmlns:css3t="http://www.w3.org/TR/css3-text/" office:version="1.2">
  <office:font-face-decls>
    <style:font-face style:name="Mangal1" svg:font-family="Mangal" />
    <style:font-face style:name="OpenSymbol" svg:font-family="OpenSymbol" />
    <style:font-face style:name="Times New Roman" svg:font-family="'Times New Roman'" style:font-family-generic="roman" style:font-pitch="variable" />
    <style:font-face style:name="Arial" svg:font-family="Arial" style:font-family-generic="swiss" style:font-pitch="variable" />
    <style:font-face style:name="Mangal" svg:font-family="Mangal" style:font-family-generic="system" style:font-pitch="variable" />
    <style:font-face style:name="Microsoft YaHei" svg:font-family="'Microsoft YaHei'" style:font-family-generic="system" style:font-pitch="variable" />
    <style:font-face style:name="SimSun" svg:font-family="SimSun" style:font-family-generic="system" style:font-pitch="variable" />
  </office:font-face-decls>
  <office:styles>
    <style:default-style style:family="graphic">
      <style:graphic-properties svg:stroke-color="#3465af" draw:fill-color="#729fcf" fo:wrap-option="no-wrap" draw:shadow-offset-x="0.3cm" draw:shadow-offset-y="0.3cm" draw:start-line-spacing-horizontal="0.283cm" draw:start-line-spacing-vertical="0.283cm" draw:end-line-spacing-horizontal="0.283cm" draw:end-line-spacing-vertical="0.283cm" style:flow-with-text="false" />
      <style:paragraph-properties style:text-autospace="ideograph-alpha" style:line-break="strict" style:writing-mode="lr-tb" style:font-independent-line-spacing="false">
        <style:tab-stops />
      </style:paragraph-properties>
      <style:text-properties style:use-window-font-color="true" fo:font-size="12pt" fo:language="fi" fo:country="FI" style:letter-kerning="true" style:font-size-asian="10.5pt" style:language-asian="zh" style:country-asian="CN" style:font-size-complex="12pt" style:language-complex="hi" style:country-complex="IN" />
    </style:default-style>
    <style:default-style style:family="paragraph">
      <style:paragraph-properties fo:hyphenation-ladder-count="no-limit" style:text-autospace="ideograph-alpha" style:punctuation-wrap="hanging" style:line-break="strict" style:tab-stop-distance="1.251cm" style:writing-mode="page" />
      <style:text-properties style:use-window-font-color="true" style:font-name="Times New Roman" fo:font-size="12pt" fo:language="fi" fo:country="FI" style:letter-kerning="true" style:font-name-asian="SimSun" style:font-size-asian="10.5pt" style:language-asian="zh" style:country-asian="CN" style:font-name-complex="Mangal" style:font-size-complex="12pt" style:language-complex="hi" style:country-complex="IN" fo:hyphenate="false" fo:hyphenation-remain-char-count="2" fo:hyphenation-push-char-count="2" />
    </style:default-style>
    <style:default-style style:family="table">
      <style:table-properties table:border-model="collapsing" />
    </style:default-style>
    <style:default-style style:family="table-row">
      <style:table-row-properties fo:keep-together="auto" />
    </style:default-style>
    <style:style style:name="Standard" style:family="paragraph" style:class="text" />
    <style:style style:name="Heading" style:family="paragraph" style:parent-style-name="Standard" style:next-style-name="Text_20_body" style:class="text">
      <style:paragraph-properties fo:margin-top="0.423cm" fo:margin-bottom="0.212cm" style:contextual-spacing="false" fo:keep-with-next="always" />
      <style:text-properties style:font-name="Arial" fo:font-size="14pt" style:font-name-asian="Microsoft YaHei" style:font-size-asian="14pt" style:font-name-complex="Mangal" style:font-size-complex="14pt" />
    </style:style>
    <style:style style:name="Text_20_body" style:display-name="Text body" style:family="paragraph" style:parent-style-name="Standard" style:class="text">
      <style:paragraph-properties fo:margin-top="0cm" fo:margin-bottom="0.212cm" style:contextual-spacing="false" />
    </style:style>
    <style:style style:name="List" style:family="paragraph" style:parent-style-name="Text_20_body" style:class="list">
      <style:text-properties style:font-size-asian="12pt" style:font-name-complex="Mangal1" />
    </style:style>
    <style:style style:name="Caption" style:family="paragraph" style:parent-style-name="Standard" style:class="extra">
      <style:paragraph-properties fo:margin-top="0.212cm" fo:margin-bottom="0.212cm" style:contextual-spacing="false" text:number-lines="false" text:line-number="0" />
      <style:text-properties fo:font-size="12pt" fo:font-style="italic" style:font-size-asian="12pt" style:font-style-asian="italic" style:font-name-complex="Mangal1" style:font-size-complex="12pt" style:font-style-complex="italic" />
    </style:style>
    <style:style style:name="Index" style:family="paragraph" style:parent-style-name="Standard" style:class="index">
      <style:paragraph-properties text:number-lines="false" text:line-number="0" />
      <style:text-properties style:font-size-asian="12pt" style:font-name-complex="Mangal1" />
    </style:style>
    <style:style style:name="Heading_20_1" style:display-name="Heading 1" style:family="paragraph" style:parent-style-name="Heading" style:next-style-name="Text_20_body" style:default-outline-level="1" style:class="text">
      <style:text-properties fo:font-size="115%" fo:font-weight="bold" style:font-size-asian="115%" style:font-weight-asian="bold" style:font-size-complex="115%" style:font-weight-complex="bold" />
    </style:style>
    <style:style style:name="Heading_20_2" style:display-name="Heading 2" style:family="paragraph" style:parent-style-name="Heading" style:next-style-name="Text_20_body" style:default-outline-level="2" style:class="text">
      <style:text-properties fo:font-size="14pt" fo:font-style="italic" fo:font-weight="bold" style:font-size-asian="14pt" style:font-style-asian="italic" style:font-weight-asian="bold" style:font-size-complex="14pt" style:font-style-complex="italic" style:font-weight-complex="bold" />
    </style:style>
    <style:style style:name="Heading_20_3" style:display-name="Heading 3" style:family="paragraph" style:parent-style-name="Heading" style:next-style-name="Text_20_body" style:default-outline-level="3" style:class="text">
      <style:text-properties fo:font-size="14pt" fo:font-weight="bold" style:font-size-asian="14pt" style:font-weight-asian="bold" style:font-size-complex="14pt" style:font-weight-complex="bold" />
    </style:style>
    <style:style style:name="Header" style:family="paragraph" style:parent-style-name="Standard" style:class="extra">
      <style:paragraph-properties text:number-lines="false" text:line-number="0">
        <style:tab-stops>
          <style:tab-stop style:position="8.5cm" style:type="center" />
          <style:tab-stop style:position="17cm" style:type="right" />
        </style:tab-stops>
      </style:paragraph-properties>
    </style:style>
    <style:style style:name="Footer" style:family="paragraph" style:parent-style-name="Standard" style:class="extra">
      <style:paragraph-properties text:number-lines="false" text:line-number="0">
        <style:tab-stops>
          <style:tab-stop style:position="8.5cm" style:type="center" />
          <style:tab-stop style:position="17cm" style:type="right" />
        </style:tab-stops>
      </style:paragraph-properties>
    </style:style>
    <style:style style:name="Internet_20_link" style:display-name="Internet link" style:family="text">
      <style:text-properties fo:color="#000080" fo:language="zxx" fo:country="none" style:text-underline-style="solid" style:text-underline-width="auto" style:text-underline-color="font-color" style:language-asian="zxx" style:country-asian="none" style:language-complex="zxx" style:country-complex="none" />
    </style:style>
    <style:style style:name="Bullet_20_Symbols" style:display-name="Bullet Symbols" style:family="text">
      <style:text-properties style:font-name="OpenSymbol" style:font-name-asian="OpenSymbol" style:font-name-complex="OpenSymbol" />
    </style:style>
    <text:outline-style style:name="Outline">
      <text:outline-level-style text:level="1" style:num-format="">
        <style:list-level-properties text:list-level-position-and-space-mode="label-alignment">
          <style:list-level-label-alignment text:label-followed-by="listtab" text:list-tab-stop-position="0.762cm" fo:text-indent="-0.762cm" fo:margin-left="0.762cm" />
        </style:list-level-properties>
      </text:outline-level-style>
      <text:outline-level-style text:level="2" style:num-format="">
        <style:list-level-properties text:list-level-position-and-space-mode="label-alignment">
          <style:list-level-label-alignment text:label-followed-by="listtab" text:list-tab-stop-position="1.016cm" fo:text-indent="-1.016cm" fo:margin-left="1.016cm" />
        </style:list-level-properties>
      </text:outline-level-style>
      <text:outline-level-style text:level="3" style:num-format="">
        <style:list-level-properties text:list-level-position-and-space-mode="label-alignment">
          <style:list-level-label-alignment text:label-followed-by="listtab" text:list-tab-stop-position="1.27cm" fo:text-indent="-1.27cm" fo:margin-left="1.27cm" />
        </style:list-level-properties>
      </text:outline-level-style>
      <text:outline-level-style text:level="4" style:num-format="">
        <style:list-level-properties text:list-level-position-and-space-mode="label-alignment">
          <style:list-level-label-alignment text:label-followed-by="listtab" text:list-tab-stop-position="1.524cm" fo:text-indent="-1.524cm" fo:margin-left="1.524cm" />
        </style:list-level-properties>
      </text:outline-level-style>
      <text:outline-level-style text:level="5" style:num-format="">
        <style:list-level-properties text:list-level-position-and-space-mode="label-alignment">
          <style:list-level-label-alignment text:label-followed-by="listtab" text:list-tab-stop-position="1.778cm" fo:text-indent="-1.778cm" fo:margin-left="1.778cm" />
        </style:list-level-properties>
      </text:outline-level-style>
      <text:outline-level-style text:level="6" style:num-format="">
        <style:list-level-properties text:list-level-position-and-space-mode="label-alignment">
          <style:list-level-label-alignment text:label-followed-by="listtab" text:list-tab-stop-position="2.032cm" fo:text-indent="-2.032cm" fo:margin-left="2.032cm" />
        </style:list-level-properties>
      </text:outline-level-style>
      <text:outline-level-style text:level="7" style:num-format="">
        <style:list-level-properties text:list-level-position-and-space-mode="label-alignment">
          <style:list-level-label-alignment text:label-followed-by="listtab" text:list-tab-stop-position="2.286cm" fo:text-indent="-2.286cm" fo:margin-left="2.286cm" />
        </style:list-level-properties>
      </text:outline-level-style>
      <text:outline-level-style text:level="8" style:num-format="">
        <style:list-level-properties text:list-level-position-and-space-mode="label-alignment">
          <style:list-level-label-alignment text:label-followed-by="listtab" text:list-tab-stop-position="2.54cm" fo:text-indent="-2.54cm" fo:margin-left="2.54cm" />
        </style:list-level-properties>
      </text:outline-level-style>
      <text:outline-level-style text:level="9" style:num-format="">
        <style:list-level-properties text:list-level-position-and-space-mode="label-alignment">
          <style:list-level-label-alignment text:label-followed-by="listtab" text:list-tab-stop-position="2.794cm" fo:text-indent="-2.794cm" fo:margin-left="2.794cm" />
        </style:list-level-properties>
      </text:outline-level-style>
      <text:outline-level-style text:level="10" style:num-format="">
        <style:list-level-properties text:list-level-position-and-space-mode="label-alignment">
          <style:list-level-label-alignment text:label-followed-by="listtab" text:list-tab-stop-position="3.048cm" fo:text-indent="-3.048cm" fo:margin-left="3.048cm" />
        </style:list-level-properties>
      </text:outline-level-style>
    </text:outline-style>
    <text:notes-configuration text:note-class="footnote" style:num-format="1" text:start-value="0" text:footnotes-position="page" text:start-numbering-at="document" />
    <text:notes-configuration text:note-class="endnote" style:num-format="i" text:start-value="0" />
    <text:linenumbering-configuration text:number-lines="false" text:offset="0.499cm" style:num-format="1" text:number-position="left" text:increment="5" />
  </office:styles>
  <office:automatic-styles>
    <style:style style:name="MP1" style:family="paragraph" style:parent-style-name="Header">
      <style:text-properties officeooo:paragraph-rsid="0009f49c" />
    </style:style>
    <style:style style:name="MP2" style:family="paragraph" style:parent-style-name="Footer">
      <style:text-properties officeooo:paragraph-rsid="0009f49c" />
    </style:style>
    <style:style style:name="MT1" style:family="text">
      <style:text-properties officeooo:rsid="0009f49c" />
    </style:style>
    <style:style style:name="MT2" style:family="text">
      <style:text-properties fo:font-style="italic" fo:font-weight="normal" officeooo:rsid="0009f49c" style:font-style-asian="italic" style:font-weight-asian="normal" style:font-style-complex="italic" style:font-weight-complex="normal" />
    </style:style>
    <style:page-layout style:name="Mpm1">
      <style:page-layout-properties fo:page-width="21.001cm" fo:page-height="29.7cm" style:num-format="1" style:print-orientation="portrait" fo:margin="2cm" fo:margin-top="2cm" fo:margin-bottom="2cm" fo:margin-left="2cm" fo:margin-right="2cm" style:writing-mode="lr-tb" style:footnote-max-height="0cm">
        <style:footnote-sep style:width="0.018cm" style:distance-before-sep="0.101cm" style:distance-after-sep="0.101cm" style:line-style="solid" style:adjustment="left" style:rel-width="25%" style:color="#000000" />
      </style:page-layout-properties>
      <style:header-style>
        <style:header-footer-properties fo:min-height="0cm" fo:margin-bottom="0.499cm" />
      </style:header-style>
      <style:footer-style>
        <style:header-footer-properties fo:min-height="0cm" fo:margin-top="0.499cm" />
      </style:footer-style>
    </style:page-layout>
  </office:automatic-styles>
  <office:master-styles>
    <style:master-page style:name="Standard" style:page-layout-name="Mpm1">
      <style:header>
        <text:h text:style-name="Heading_20_1" text:outline-level="1">
          <text:span text:style-name="MT1">This is my</text:span>
          <text:span text:style-name="MT2">great</text:span>
          <text:span text:style-name="MT1">header</text:span>
        </text:h>
        <text:p text:style-name="MP1">
          <text:span text:style-name="MT1">Second line</text:span>
        </text:p>
        <text:p text:style-name="MP1">
          <text:span text:style-name="MT1">Third Line</text:span>
        </text:p>
      </style:header>
      <style:footer>
        <text:h text:style-name="Heading_20_1" text:outline-level="1">
          <text:span text:style-name="MT1">What a</text:span>
          <text:span text:style-name="MT2">nice</text:span>
          <text:span text:style-name="MT1">footer</text:span>
        </text:h>
        <text:p text:style-name="MP2">
          <text:span text:style-name="MT1">second line</text:span>
        </text:p>
        <text:p text:style-name="MP2">
          <text:span text:style-name="MT1">third line</text:span>
        </text:p>
      </style:footer>
    </style:master-page>
  </office:master-styles>
</office:document-styles>

